<?xml version="1.0" encoding="UTF-8" standalone="yes"?>
<addon id="repository.linuxserver.docker"
       name="LinuxServer.io's Docker Add-ons"
       version="@PKG_VERSION@.@PKG_REV@"
       provider-name="LinuxServer.io">
  <requires>
    <import addon="xbmc.addon" version="16.1.0"/>
  </requires>
  <extension point="xbmc.addon.repository"
             name="LinuxServer.io's Docker Add-on Repository">
    <info compressed="true">https://raw.githubusercontent.com/linuxserver/libreelec-addon-repo/master/addons.xml</info>
    <checksum>https://raw.githubusercontent.com/linuxserver/libreelec-addon-repo/master/addons.xml.md5</checksum>
    <datadir zip="true">https://raw.githubusercontent.com/linuxserver/libreelec-addon-repo/master/download</datadir>
  </extension>
  <extension point="xbmc.addon.metadata">
    <summary>Install add-ons from LinuxServer.io's docker repository</summary>
    <description>
Download and install docker container add-ons from the LinuxServer.io repository.

Please visit https://linuxserver.io for more information.
    </description>
    <disclaimer> </disclaimer>
    <platform>all</platform>
    <news>
@PKG_ADDON_NEWS@
    </news>
    <assets>
    <icon>resources/icon.png</icon>
    <fanart>resources/fanart.png</fanart>
@PKG_ADDON_SCREENSHOT@
    </assets>
  </extension>
</addon>
