<?xml version="1.0" encoding="UTF-8" standalone="yes"?>
<addon id="repository.kodi.game"
        name="Kodi game add-on repository (alpha)"
        version="1.0.0"
        provider-name="Team Kodi">
    <requires>
        <import addon="xbmc.addon" version="15.0.0"/>
    </requires>
    <extension point="xbmc.addon.repository" name="Kodi game add-on repository (alpha)">
        <info compressed="false">https://raw.githubusercontent.com/kodi-game/repository.kodi.game/master/release/addons.xml</info>
        <checksum>https://raw.githubusercontent.com/kodi-game/repository.kodi.game/master/release/addons.xml.md5</checksum>
        <datadir zip="true">https://github.com/kodi-game/repository.kodi.game/raw/master/release/</datadir>
    </extension>
    <extension point="xbmc.addon.metadata">
        <summary lang="en_GB">Install game add-ons from Kodi.tv</summary>
        <description lang="en_GB">This repository is for development builds of Kodi's RetroPlayer project.</description>
        <license>GPLv2</license>
        <forum>http://forum.kodi.tv/forumdisplay.php?fid=194</forum>
        <website>http://kodi.tv</website>
        <source>https://github.com/kodi-game/repository.kodi.game</source>
        <nofanart>true</nofanart>
        <platform>all</platform>
    </extension>
</addon>
