<?xml version="1.0"?>
<gameList>
	
	<game>
		<path>./File Manager.sh</path>
		<name>File Manager</name>
		<desc>DinguxCommander File Manager.</desc>
		<developer>shantigilbert </developer>
		<publisher>Emuelec</publisher>
		<genre>script</genre>
		<image>./downloaded_images/filemanager.png</image>
	</game>
	
	
	<game>
		<path>./Install Drastic.sh</path>
		<name>Install Drastic</name>
		<desc>Download and install Drastic, internet is required!</desc>
		<developer>fewtarius </developer>
		<publisher>351ELEC</publisher>
		<genre>script</genre>
		<image>./downloaded_images/drastic.png</image>
	</game>

        <game>
                <path>./Start PPSSPP.sh</path>
                <name>Start PPSSPP</name>
                <desc>Start the PPSSPP emulator without starting a game.</desc>
                <developer>fewtarius</developer>
                <publisher>351ELEC</publisher>
                <genre>script</genre>
                <image>./downloaded_images/ppsspp.png</image>
        </game>
	
        <game>
                <path>./Start 32bit Retroarch.sh</path>
                <name>Start 32bit RetroArch</name>
                <desc>Run 32bit RetroArch</desc>
                <developer>fewtarius</developer>
                <publisher>351ELEC</publisher>
                <genre>script</genre>
                <image>./downloaded_images/retroarch.png</image>
        </game>

        <game>
                <path>./Start 64bit Retroarch.sh</path>
                <name>Start 64bit RetroArch</name>
                <desc>Run 64bit RetroArch</desc>
                <developer>fewtarius</developer>
                <publisher>351ELEC</publisher>
                <genre>script</genre>
                <image>./downloaded_images/retroarch.png</image>
        </game>

        <game>
                <path>./Upgrade Configs.sh</path>
                <name>Upgrade Configs</name>
                <desc>Update configurations to release versions. ** DATA DESTRUCTIVE **</desc>
                <developer>fewtarius</developer>
                <publisher>351ELEC</publisher>
                <genre>script</genre>
                <image>./downloaded_images/update.png</image>
        </game>
	
</gameList>
